類・品目,総合,食料,穀類,米類,うるち米,国産米Ａ,国産米Ｂ,もち米,パン,食パン,あんパン,カレーパン,めん類,ゆでうどん,干しうどん,スパゲッティ,即席めん,生中華めん,＊ゆで沖縄そば,他の穀類,小麦粉,もち,魚介類,生鮮魚介,まぐろ,あじ,いわし,かつお,かれい,さけ,さば,さんま,たい,ぶり,いか,たこ,えび,あさり,かき（貝）,ほたて貝,塩干魚介,塩さけ,たらこ,しらす干し,干しあじ,煮干し,ししゃも,いくら,魚肉練製品,揚げかまぼこ,ちくわ,かまぼこ,他の魚介加工品,かつお節,魚介漬物,魚介つくだ煮,魚介缶詰,塩辛,肉類,生鮮肉,牛肉Ａ,牛肉Ｂ,豚肉Ａ,豚肉Ｂ,鶏肉,レバー,加工肉,ハム,ソーセージ,ベーコン,＊ポーク缶詰,乳卵類,牛乳・乳製品,牛乳,牛乳（配達）,牛乳（店頭売り）,乳製品,粉ミルク,ヨーグルト,バター,チーズ,チーズ（輸入品）,卵,鶏卵,野菜・海藻,生鮮野菜,キャベツ,ほうれんそう,はくさい,ねぎ,レタス,ブロッコリー,もやし,アスパラガス,さつまいも,じゃがいも,さといも,だいこん,にんじん,ごぼう,たまねぎ,れんこん,ながいも,しょうが,えだまめ,さやいんげん,かぼちゃ,きゅうり,なす,トマト,ピーマン,生しいたけ,えのきだけ,しめじ,＊にがうり,＊とうが,乾物・加工品類,乾物・海藻,あずき,干ししいたけ,のり,わかめ,こんぶ,ひじき,大豆加工品,豆腐,油揚げ,納豆,他の野菜・海藻加工品,こんにゃく,梅干し,だいこん漬,はくさい漬,キムチ,こんぶつくだ煮,スイートコーン缶詰,果物,生鮮果物,りんごＡ,りんごＢ,みかん,グレープフルーツ,オレンジ,レモン,いよかん,なし,ぶどうＡ,ぶどうＢ,かき（果物）,もも,すいか,メロン,いちご,バナナ,キウイフルーツ,さくらんぼ,果物加工品,果物缶詰,油脂・調味料,油脂,食用油,マーガリン,調味料,食塩,しょう油,みそ,砂糖,酢,ソース,ケチャップ,マヨネーズ,ドレッシング,ジャム,カレールウ,即席スープ,風味調味料,ふりかけ,液体調味料,中華合わせ調味料,パスタソース,菓子類,ようかん,まんじゅう,だいふく餅,カステラ,ケーキ,ゼリー,プリン,シュークリーム,せんべい,ビスケット,ポテトチップス,あめ,チョコレート,アイスクリーム,落花生,チューインガム
Group/Item,All items,Food,Cereals,Rice,Non-glutinous rice,"Rice-A(domestic), ""Koshihikari""","Rice-B(domestic), non-blended rice excluding ""Koshihikari""",Glutinous rice,Bread,White bread,Bean-jam buns,Curry buns,Noodles,Boiled noodles,Dried noodles,Spaghetti,Instant noodles,Uncooked Chinese noodles,"*""Okinawa""noodles",Other cereals,Wheat flour,"""Mochi"", rice-cakes",Fish & seafood,Fresh fish & seafood,Tuna fish,Horse mackerel,Sardines,Bonito,Flounder,Salmon,Mackerel,Saury,Sea bream,Yellowtail,Cuttlefish,Octopus,Prawns,Short-necked clams,Oysters,Scallops,Salted & dried fish,Salted salmon,Salted cod roe,"""Shirasu-boshi"", dried young sardines",Dried horse mackerel,"""Niboshi"", dried small sardines",Capelin,Salmon roe,Fish-paste products,"""Agekamaboko"", fried fish-paste patties","""Chikuwa"", baked fish-paste bars","""Kamaboko"", steamed fish-paste cakes",Other processed fish & seafood,Dried bonito fillets,Pickled fish,Fish prepared in soy sauce,Canned fish,"""Shiokara"", salted fish guts",Meats,Raw meats,Beef-A,Beef-B,Pork-A,Pork-B,Chicken,Liver,Meat products,Ham,Sausages,Bacon,*Canned pork,Dairy products & eggs,Fresh milk & dairy products,Fresh milk,(delivered),(sold in stores),Dairy products,Powdered milk,Yogurt,Butter,Cheese,Cheese(imported),Eggs,Hen eggs,Vegetables & seaweeds,Fresh vegetables,Cabbage,Spinach,Chinese cabbage,Welsh onions,Lettuce,Broccoli,Bean sprouts,Asparagus,Sweet potatoes,White potatoes,Taros,Radishes,Carrots,Burdocks,Onions,Lotus roots,"""Naga-imo"", yams",Ginger,Green soybeans,Kidney beans,Pumpkins,Cucumbers,Eggplants,Tomatoes,Green peppers,"""Shiitake"", Japanese mushrooms, fresh","""Enokidake"", mushrooms","""Shimeji"", mushrooms","*""Nigauri""","*""Toga""",Processed vegetables & seaweeds,Dried vegetables & seaweeds,"""Azuki"", red beans","""Shiitake"", Japanese mushrooms, dried",Laver,"""Wakame"", seaweed",Dried tangle,"""Hijiki"", edible brown algae",Soybean products,Bean curd,Fried bean curd,"""Natto"", fermented soybeans",Other processed vegetables & seaweeds,"""Konnyaku"", devil's-tongue","""Umeboshi"", pickled plums",Pickled radishes,Pickled Chinese cabbage,"""Kimuchi""",Tangle prepared in soy sauce, Canned sweet corn,Fruits,Fresh fruits,Apples-A,Apples-B,Mandarin oranges,Grapefruits,Oranges,Lemons,Iyo-mandarins,Pears,Grapes-A,Grapes-B,Persimmons,Peaches,Watermelons,Melons,Strawberries,Bananas,Kiwi fruits,Cherries,Processed fruits,Canned fruits,"Oils, fats & seasonings",Oils & fats,Edible oil,Margarine,Seasonings,Salt,Soy sauce,Soybean paste,Sugar,Vinegar,Worcester sauce,Ketchup,Mayonnaise,Dressing,Jam,Instant curry mix,Instant soup,Flavor seasonings,"""Furikake"", granular flavor seasonings",Liquid seasonings,Chinese seasonings,Prepared pasta sauce,Cakes & candies,"""Yokan"", sweet bean jelly","""Manju"", bean-jam cakes","""Daifukumochi"", rice cakes stuffed with sweetened bean jam","""Kasutera"", sponge cakes",Cakes,Jelly,Pudding,Cream puffs,"""Sembei"", Japanese crackers",Biscuits,Potato chips,Candies,Chocolate,Ice cream,Peanuts,Chewing gum
類・品目符号(Group/Item code),0001,0002,0003,0004,1000,1001,1002,1011,0005,1021,1022,1023,0006,1031,1041,1042,1051,1052,1061,0007,1071,1081,0008,0009,1101,1102,1103,1104,1105,1106,1107,1108,1110,1111,1112,1113,1114,1131,1132,1133,0010,1141,1142,1143,1144,1146,1150,1167,0011,1151,1152,1153,0012,1161,1165,1166,1173,1163,0013,0014,1201,1203,1211,1212,1221,1241,0015,1252,1261,1271,1291,0016,0017,0018,1301,1303,0019,1311,1333,1321,1331,1332,0020,1341,0021,0022,1401,1402,1403,1405,1406,1409,1407,1410,1411,1412,1413,1414,1415,1416,1417,1419,1420,1421,1430,1432,1433,1434,1435,1436,1437,1438,1442,1443,1439,1440,0023,0024,1451,1453,1461,1462,1463,1464,0025,1471,1472,1473,0026,1481,1482,1483,1486,1487,1485,1491,0027,0028,1501,1502,1511,1514,1515,1513,1516,1521,1531,1532,1541,1551,1561,1563,1571,1581,1582,1572,0029,1591,0030,0031,1601,1602,0032,1611,1621,1631,1632,1633,1641,1642,1643,1645,1644,1652,1653,1654,1656,1655,1657,1658,0033,1701,1702,1703,1711,1712,1784,1714,1713,1741,1721,1783,1732,1761,1782,1772,1781
含類総連番(Serial number),001,002,003,004,005,006,007,008,009,010,011,012,013,014,015,016,017,018,019,020,021,022,023,024,025,026,027,028,029,030,031,032,033,034,035,036,037,038,039,040,041,042,043,044,045,046,047,048,049,050,051,052,053,054,055,056,057,058,059,060,061,062,063,064,065,066,067,068,069,070,071,072,073,074,075,076,077,078,079,080,081,082,083,084,085,086,087,088,089,090,091,092,093,094,095,096,097,098,099,100,101,102,103,104,105,106,107,108,109,110,111,112,113,114,115,116,117,118,119,120,121,122,123,124,125,126,127,128,129,130,131,132,133,134,135,136,137,138,139,140,141,142,143,144,145,146,147,148,149,150,151,152,153,154,155,156,157,158,159,160,161,162,163,164,165,166,167,168,169,170,171,172,173,174,175,176,177,178,179,180,181,182,183,184,185,186,187,188,189,190,191,192,193,194,195,196,197
ウエイト(Weight),250171389,59561367,4496898,1420716,1349970,568544,781426,70746,1805963,522237,641863,641863,993665,200662,140206,94543,270766,287488,0,276554,60456,216098,4564427,2731451,732546,109335,51452,131202,85539,337010,64315,91327,79750,214812,174936,117053,240538,135061,61742,104833,807153,122841,262405,149211,129916,23797,29585,89398,422549,152426,90041,180082,603274,72033,267550,87468,156285,19938,4442228,3480721,976943,244397,757629,757629,733833,10290,961507,391034,419333,151140,0,2418883,1964820,944786,46950,897836,1020034,48236,580763,66887,162074,162074,454063,454063,6693892,4551564,225745,194231,97115,300350,206451,165932,95186,142136,61099,191015,61742,136348,164003,62385,223816,61742,98402,73319,115124,115124,117696,263691,151783,573689,141493,141493,185227,185227,0,0,2142328,513233,42448,37946,224459,112551,74605,21224,761488,361450,194874,205164,867607,122841,216098,114480,90684,190372,104833,28299,2175130,2032994,28942,162717,324790,70746,54025,18008,27012,147924,40518,81037,67531,88111,109335,72033,277840,274625,94543,93257,142136,142136,2195709,225745,176866,48879,1969964,37946,126057,184584,81037,88111,54025,46950,88111,149211,125414,114480,205164,147924,96472,295205,60456,68817,5037140,338296,374956,186513,108692,968582,222529,183941,187799,468855,314500,264334,171721,436055,631572,53381,125414
ウエイト１万分比(Weight per 10000),10000,2381,180,57,54,23,31,3,72,21,26,26,40,8,6,4,11,11,0,11,2,9,182,109,29,4,2,5,3,13,3,4,3,9,7,5,10,5,2,4,32,5,10,6,5,1,1,4,17,6,4,7,24,3,11,3,6,1,178,139,39,10,30,30,29,1,38,16,17,6,0,97,79,38,2,36,41,2,23,3,6,6,18,18,268,182,9,8,4,12,8,7,4,6,2,8,2,5,7,2,9,2,4,3,5,5,5,11,6,23,6,6,7,7,0,0,86,21,2,2,9,4,3,1,30,14,8,8,35,5,9,5,4,8,4,1,87,81,1,7,13,3,2,1,1,6,2,3,3,4,4,3,11,11,4,4,6,6,88,9,7,2,79,2,5,7,3,4,2,2,4,6,5,5,8,6,4,12,2,3,201,14,15,7,4,39,9,7,8,19,13,11,7,17,25,2,5
1970,33.1,33.5,35.5,45.4,45.6,,,37.8,26.7,28.4,24.8,,27.6,,21.5,,37.2,,,36.3,34.0,,32.6,34.6,33.4,40.5,49.2,43.0,34.1,44.7,17.5,84.5,50.7,48.0,35.8,33.2,,7.86,33.2,,36.0,55.6,24.1,28.4,,24.4,,,26.0,14.8,20.1,51.0,26.6,34.2,,,,,44.9,46.4,31.7,,47.1,50.8,54.2,,40.8,,40.6,,,45.6,39.9,38.8,21.9,,43.0,24.1,,41.5,45.8,,62.4,62.4,29.2,29.8,36.1,16.0,24.7,18.9,39.1,,,,34.3,24.6,31.7,39.0,32.8,24.6,42.8,34.5,,,,,25.6,35.7,32.3,30.8,19.5,,,,,,29.0,33.8,26.8,28.0,48.9,22.0,20.1,,31.2,32.7,31.9,28.2,22.8,22.8,31.2,23.7,,,17.5,,44.6,43.8,46.9,58.3,36.2,,,56.5,,34.7,50.2,,40.7,29.8,40.2,,47.6,82.0,,,71.2,54.6,49.3,55.2,56.0,51.3,47.9,27.5,47.0,38.1,66.6,51.1,53.5,62.0,56.9,,,41.0,43.0,,,,,,32.8,28.2,,,38.5,,,,25.5,38.3,28.1,,30.0,76.4,35.4,48.0,32.6
1971,35.1,35.4,36.4,45.6,45.9,,,38.0,28.9,30.5,28.1,,29.2,,23.1,,38.6,,,37.9,35.6,,36.9,40.6,39.7,46.0,40.3,54.3,35.5,44.5,18.4,124.7,59.2,54.1,52.1,37.7,,8.27,34.6,,37.9,54.5,26.0,30.4,,28.1,,,27.0,14.9,20.7,55.5,30.5,37.1,,,,,47.2,49.1,33.2,,49.9,54.3,56.7,,41.6,,40.8,,,50.0,45.2,44.5,25.1,,46.0,26.5,,45.0,45.9,,64.1,64.1,28.0,26.5,24.4,17.0,18.8,16.3,32.3,,,,32.2,18.6,29.4,29.6,27.8,24.0,36.0,31.8,,,,,21.8,34.4,32.9,28.4,24.6,,,,,,31.5,33.3,27.8,28.4,44.9,25.6,23.6,,35.6,36.0,39.5,31.0,26.6,27.0,30.9,28.9,,,21.1,,42.0,41.2,45.8,53.5,35.6,,,67.0,,35.7,53.2,,43.4,30.1,39.2,,44.6,67.5,,,70.9,54.4,51.8,56.2,56.7,53.4,50.5,27.5,49.3,40.6,68.1,52.2,60.1,64.7,57.6,,,43.8,44.3,,,,,,35.6,30.5,,,42.6,,,,30.8,39.1,29.7,,32.4,76.4,38.6,50.5,37.4
1972,37.4,37.3,39.2,48.3,48.7,,,40.0,33.4,36.0,28.8,,29.9,,24.3,,38.5,,,38.3,36.0,,38.7,42.0,42.0,51.1,43.9,48.0,41.4,47.9,20.4,94.2,69.1,57.2,44.9,37.5,,10.2,39.0,,40.1,57.8,29.3,31.3,,28.9,,,29.3,17.4,22.7,58.2,34.2,41.9,,,,,49.7,51.9,35.9,,52.8,57.7,57.8,,44.0,,43.5,,,52.5,46.4,45.8,25.8,,47.3,26.6,,45.8,50.0,,70.2,70.2,29.7,27.7,23.9,19.8,19.0,16.2,43.0,,,,28.7,22.6,24.1,31.2,24.7,31.3,28.0,36.0,,,,,28.6,36.4,35.0,30.3,28.3,,,,,,34.3,35.5,28.3,30.9,48.0,26.7,25.0,,39.4,39.2,44.4,34.8,29.3,31.7,32.1,30.2,,,24.2,,37.7,36.7,44.3,52.6,25.0,,,52.6,,40.7,53.8,46.4,39.3,31.3,33.3,,42.5,61.1,,,73.3,56.1,53.1,58.3,58.9,54.8,51.9,27.5,50.4,43.3,69.3,56.3,62.6,64.9,57.2,,,43.6,44.8,,,,,,37.8,33.4,,,45.0,,,,34.4,39.1,31.9,,34.4,75.7,42.5,51.7,37.2
1973,43.0,44.0,44.1,51.9,51.8,,,53.0,40.4,43.1,37.0,,38.9,,32.5,,48.7,,,47.3,44.8,,46.8,50.3,49.3,67.5,34.5,54.9,51.2,71.3,27.5,57.6,89.8,63.6,53.4,41.1,,14.0,41.1,,49.1,85.7,34.4,32.3,,32.0,,,37.3,25.0,29.9,66.1,40.0,47.2,,,,,59.8,61.3,46.0,,58.9,65.7,71.1,,55.5,,55.9,,,60.5,54.3,54.6,30.9,,50.8,28.4,,49.6,53.4,,78.1,78.1,39.4,39.1,49.5,30.6,24.3,28.6,54.2,,,,48.0,34.7,59.2,47.6,46.1,34.2,54.3,35.1,,,,,35.6,44.6,36.9,32.1,29.2,,,,,,41.4,39.4,27.9,38.5,53.0,27.9,28.9,,52.2,49.6,60.4,53.2,35.0,42.4,37.8,32.8,,,29.3,,42.6,41.6,44.7,61.2,28.0,,,58.2,,44.6,59.4,63.6,41.6,39.5,42.4,,44.6,63.0,,,74.8,57.3,62.1,63.2,64.8,56.3,61.6,27.5,63.7,58.3,82.3,61.6,70.5,71.1,63.3,,,49.6,46.6,,,,,,43.1,36.0,,,53.3,,,,41.6,45.6,36.7,,41.6,78.2,42.7,65.6,39.2
1974,51.4,54.1,54.8,61.9,61.9,,,64.8,52.0,55.8,46.6,,54.4,,48.4,,63.4,,,63.8,59.9,,58.9,64.9,61.8,88.4,35.2,60.7,59.7,80.3,31.9,56.7,107.3,84.0,86.3,50.1,,19.8,51.3,,57.3,92.0,37.1,48.7,,39.6,,,45.4,32.8,37.6,72.5,53.4,54.7,,,,,69.5,69.9,52.1,,66.0,75.4,83.3,,68.6,,71.3,,,77.1,68.9,69.1,39.1,,64.8,37.4,,58.3,70.5,,101.1,101.1,46.2,45.9,50.0,27.7,32.2,38.4,50.1,,,,74.1,38.9,62.4,48.9,54.0,45.9,47.4,44.8,,,,,42.0,50.8,56.4,45.6,42.6,,,,,,48.1,42.4,33.4,43.1,53.6,30.1,40.1,,59.7,56.5,69.7,60.0,44.3,49.3,43.1,43.3,,,39.5,,52.7,51.6,53.4,79.5,33.9,,,59.0,,49.7,72.9,71.9,55.5,45.0,59.4,,59.7,77.8,,,88.8,68.1,80.8,90.6,93.9,78.8,78.6,27.5,80.7,69.1,115.3,79.2,83.3,100.9,93.1,,,70.4,55.2,,,,,,54.8,40.3,,,61.3,,,,51.0,63.7,51.6,,61.5,123.7,61.5,80.4,61.0
1975,57.1,60.2,63.1,77.0,77.2,77.1,80.3,70.2,54.1,56.8,51.9,,53.3,42.5,48.0,,61.1,,,61.8,59.3,62.5,65.3,73.0,72.8,92.7,32.0,69.8,61.9,89.3,32.2,77.9,135.5,94.6,89.6,61.4,142.1,23.8,58.4,,63.7,100.6,38.6,57.4,,45.3,,,48.7,38.1,40.5,70.0,54.9,58.7,,,,,81.0,83.1,58.0,,83.5,95.2,88.9,,75.3,,77.5,66.4,,79.9,72.9,73.0,41.3,90.6,69.6,38.5,,69.3,73.1,,99.5,99.5,49.3,49.0,53.9,41.4,36.6,35.0,65.5,,59.8,,61.2,37.6,58.2,68.6,56.8,53.4,49.9,51.8,,,,,43.9,54.7,50.7,45.3,39.9,80.4,,,,,51.2,43.9,35.4,40.7,55.2,32.2,45.6,,61.4,57.9,72.7,59.6,49.5,49.7,43.2,52.2,,,45.4,78.4,59.3,58.1,65.2,102.9,33.5,112.8,,154.9,,64.5,74.5,78.0,69.9,49.2,54.7,,70.3,82.4,,,92.5,70.3,88.6,104.9,108.0,93.0,84.9,27.5,81.2,68.1,139.8,92.0,93.5,117.1,104.0,,,76.4,58.3,,,,,,58.6,40.4,55.6,,66.5,51.6,,,57.3,64.1,53.6,,68.7,124.5,73.7,98.3,60.6
1976,62.5,65.5,70.1,86.9,87.2,86.7,90.5,73.5,61.8,65.7,58.0,,54.4,47.2,50.3,,59.6,,,61.9,68.1,60.5,73.4,85.9,80.2,113.8,32.5,79.3,71.3,97.2,39.0,106.6,156.2,101.0,102.8,69.3,197.6,28.5,67.3,,68.8,108.9,43.4,55.7,,52.5,,,48.7,42.4,43.1,60.5,58.3,63.3,,,,,84.9,87.1,63.0,,84.2,95.7,97.0,,78.4,,79.1,72.3,,84.2,79.0,80.2,45.6,98.8,71.3,39.4,,74.5,72.4,,98.8,98.8,53.4,54.2,64.7,43.2,36.1,44.4,71.9,,73.6,,69.0,40.7,52.4,58.9,50.5,52.0,65.3,56.8,,,,,55.3,62.1,60.9,48.4,47.5,97.6,,,,,53.3,46.3,51.1,44.8,55.4,36.0,47.8,,62.4,59.2,73.5,60.3,51.8,47.3,52.1,56.0,,,48.1,79.8,69.3,68.0,66.7,105.5,47.7,135.1,,69.1,,66.6,75.7,74.0,72.8,62.9,63.8,,77.5,84.5,,,97.3,71.5,88.9,103.6,108.5,88.4,85.7,50.3,83.5,74.1,124.0,92.5,94.5,121.2,99.1,,,75.8,61.9,,,,,,62.3,42.5,61.1,,71.8,56.0,,,63.8,67.4,54.8,,72.6,120.5,76.9,106.3,60.6
1977,67.1,69.1,75.6,95.6,95.9,94.8,100.0,84.5,63.3,68.0,57.8,,57.0,50.0,52.6,,62.1,,,66.1,70.1,65.2,88.5,101.3,86.7,156.4,37.2,97.2,89.3,125.3,41.4,172.1,169.1,116.2,129.2,70.7,210.6,37.2,67.5,,89.6,143.6,65.2,65.8,,56.0,,,55.6,51.8,52.7,61.0,67.4,69.0,,,,,84.6,86.5,66.0,,83.2,93.5,95.8,,79.1,,80.8,71.1,,84.4,79.5,79.8,45.5,97.6,75.2,45.4,,77.8,72.4,,98.4,98.4,52.9,51.6,54.6,41.1,29.1,42.1,59.3,,74.2,,67.7,45.5,49.5,60.8,49.2,52.7,63.5,58.2,,,,,49.9,57.5,59.6,49.5,39.6,88.2,,,,,57.0,50.9,64.8,50.7,60.6,38.4,50.8,,64.9,61.5,78.1,59.5,55.1,45.0,66.2,59.4,,,52.6,81.2,66.9,65.5,61.3,96.5,40.8,129.9,,66.3,,66.4,75.4,79.1,74.8,58.6,60.7,,78.9,86.2,,,108.5,78.4,89.8,103.4,108.9,86.7,87.0,54.3,89.9,76.0,114.2,92.6,93.9,123.9,98.0,,,82.0,65.3,,,,,,65.9,51.7,67.7,,79.0,58.2,,,68.4,68.1,55.7,,72.6,138.0,76.9,109.2,60.4
1978,70.0,71.5,78.3,99.4,99.7,97.7,103.8,92.6,63.6,68.6,57.4,,59.3,50.5,53.2,,66.5,,,71.2,70.2,71.4,92.8,100.8,82.2,175.1,35.6,82.1,94.6,136.3,36.7,130.3,167.6,106.0,138.4,68.5,211.1,43.0,67.1,,104.9,158.0,93.7,77.3,,59.6,,,59.5,55.6,58.6,62.8,68.3,73.8,,,,,82.6,83.6,65.7,,80.9,90.3,87.3,,80.1,,81.7,70.5,,82.5,81.9,82.2,47.2,98.9,77.1,46.5,,82.2,72.6,,84.8,84.8,56.1,55.5,65.3,37.7,29.4,41.2,60.6,,72.1,,70.9,45.9,83.6,64.7,59.7,57.2,57.1,51.0,,,,,51.3,66.3,61.6,54.6,48.4,86.6,,,,,59.0,55.4,59.0,52.6,70.6,35.4,51.3,,63.9,61.0,76.2,57.8,56.2,44.4,65.3,60.4,,,54.3,83.1,74.1,72.8,74.3,106.5,49.6,121.1,,71.5,,79.5,82.3,94.6,76.7,60.8,74.4,,80.8,79.9,,,108.4,72.4,90.5,103.0,107.5,88.5,87.9,54.2,90.5,79.0,111.8,91.8,92.6,126.2,98.0,,,83.3,65.5,,,,,,66.1,49.7,70.2,,80.2,58.8,,,69.7,65.8,55.9,,73.0,147.5,76.9,109.2,60.0
1979,73.3,73.6,79.0,100.6,100.9,97.7,104.2,88.1,64.1,68.7,58.5,,59.7,51.0,53.7,,66.8,,,71.8,70.9,71.9,95.2,105.9,92.8,170.8,36.5,85.4,105.1,138.4,44.4,103.9,173.0,105.2,144.9,99.4,206.9,50.4,71.4,,104.4,158.3,92.3,71.4,,61.0,,,60.7,56.4,60.7,63.9,65.8,74.8,,,,,81.5,82.3,66.9,,78.1,86.0,85.7,,79.6,,79.3,70.6,,85.6,82.8,83.5,48.1,99.2,76.9,47.2,,81.8,71.3,,94.0,94.0,66.3,69.4,95.4,62.6,87.6,51.0,98.9,,70.8,,80.3,45.8,59.3,102.2,67.6,56.0,52.5,55.0,,,,,78.7,74.9,72.0,58.6,65.6,88.6,,,,,61.9,57.5,55.6,57.1,74.2,36.5,51.4,,67.2,64.8,80.9,57.0,59.8,49.4,69.7,64.1,,,57.3,82.2,72.0,70.5,73.0,117.4,42.6,116.0,,124.6,,74.4,71.3,77.1,85.7,66.1,72.4,,80.2,87.4,,,111.4,76.1,90.0,97.7,99.8,87.9,88.5,54.2,91.9,79.1,113.5,90.4,91.6,127.1,98.2,,,83.6,66.0,,,,,,66.0,48.3,69.9,,77.2,60.9,,,68.1,65.3,55.8,,73.1,147.8,76.9,105.4,59.3
1980,78.3,77.2,83.5,102.4,102.7,99.1,105.5,90.5,71.7,76.6,66.2,,70.7,60.8,62.3,,79.7,,,74.2,79.9,72.7,95.7,106.7,98.8,184.0,38.0,92.6,108.8,127.0,47.3,115.6,169.3,116.1,121.4,111.4,181.8,62.4,69.8,112.5,100.1,147.1,89.2,69.3,111.6,61.0,,,67.6,62.5,64.7,73.5,70.8,78.0,,,,93.6,84.7,84.8,71.2,196.9,80.1,86.0,87.9,75.2,85.1,85.7,89.0,73.5,,92.1,84.4,83.5,48.3,98.5,82.9,53.4,,82.0,78.4,,115.0,115.0,67.5,68.7,86.3,57.0,49.8,59.3,93.7,,78.4,,92.6,59.0,42.4,89.1,58.8,77.8,73.6,69.0,82.1,,,53.3,74.4,72.8,72.3,55.4,59.9,84.1,,,,,66.8,60.9,56.6,58.4,78.3,42.1,54.8,,73.1,70.0,88.9,61.7,65.1,49.3,72.8,70.9,,,68.0,87.4,77.2,75.9,72.8,118.3,55.9,128.6,151.8,93.5,,81.7,79.5,87.6,87.4,70.1,62.3,,80.7,97.0,,,111.6,76.9,96.7,98.4,100.4,88.9,96.6,54.2,102.8,86.0,132.3,95.1,99.4,142.1,98.5,,,90.4,71.6,107.9,,,,,71.4,50.9,74.6,,87.8,63.6,,,77.8,73.3,64.2,67.7,76.0,154.9,78.2,116.6,68.9
1981,81.6,80.6,87.1,106.5,106.5,103.7,109.6,109.3,76.1,80.1,72.3,,72.2,61.1,65.7,,80.0,,,79.6,84.6,78.3,100.2,111.0,99.7,198.8,45.8,109.1,107.6,138.1,52.7,143.3,182.2,119.9,129.6,93.4,178.0,62.2,76.2,118.9,106.4,153.8,91.9,74.0,133.3,63.4,,,70.2,63.7,65.1,78.4,74.7,83.5,,,,97.2,86.8,86.5,70.6,191.9,83.3,88.8,92.0,76.0,88.0,86.7,92.1,76.9,,91.2,84.4,83.2,48.5,97.2,84.0,56.0,,82.8,78.2,,111.2,111.2,70.7,71.9,75.3,50.4,44.7,47.3,75.0,,77.8,,96.4,76.4,87.8,81.5,70.9,66.9,107.6,80.6,120.7,,,57.6,67.9,70.9,75.5,63.6,58.0,90.6,,,,,69.9,64.1,70.2,60.6,79.3,50.1,59.1,,74.7,71.3,90.6,64.3,69.1,50.0,80.7,74.6,,,76.9,97.9,82.5,81.2,77.5,115.6,56.2,134.5,190.7,96.3,,74.7,83.6,89.8,82.5,76.2,83.6,,85.5,110.4,,,114.7,81.1,99.4,98.7,100.4,89.6,99.6,66.6,102.7,91.0,134.3,97.8,101.0,145.6,101.2,,,95.5,74.0,107.5,,,,,74.3,49.0,80.4,,90.1,62.4,,,84.7,80.4,64.9,73.0,78.2,163.7,82.5,135.2,74.6
1982,83.9,82.4,90.0,110.4,110.4,108.2,113.9,113.7,78.4,82.4,74.8,,72.7,61.2,67.2,,79.8,,,85.8,85.6,85.8,106.0,118.8,106.6,184.7,49.8,94.5,111.6,146.4,73.3,196.1,198.2,122.6,145.5,87.8,206.3,62.2,76.0,114.8,109.0,158.8,96.3,76.7,131.1,68.7,,,71.3,64.7,65.3,80.2,80.3,86.5,,,,99.5,89.4,89.1,71.0,195.2,87.6,93.7,91.5,76.8,90.8,89.5,95.6,80.1,,88.4,85.4,83.2,48.7,96.8,87.3,57.6,,86.8,81.5,,97.3,97.3,71.0,71.0,80.6,50.6,49.1,79.2,80.7,,78.7,,93.0,56.8,75.4,81.1,60.6,67.9,56.1,100.4,131.1,,,59.0,63.6,75.5,85.0,58.6,64.7,97.6,,,,,72.2,66.3,83.0,60.9,82.3,50.9,59.3,,78.7,75.9,94.7,65.9,70.2,53.1,86.8,71.5,,,77.1,103.0,78.5,77.0,69.7,108.9,55.0,132.4,165.7,98.9,,77.9,76.4,84.9,74.7,73.9,71.6,,87.8,97.2,,,117.3,84.4,98.9,96.9,98.7,87.5,99.4,67.7,102.1,91.2,124.2,96.7,100.0,141.9,109.6,,,95.4,74.0,109.1,,,,,76.8,54.0,83.0,,94.5,64.5,,,85.2,79.7,64.7,74.0,77.8,163.7,91.8,131.3,73.9
1983,85.7,84.2,93.4,113.1,113.4,111.8,117.3,106.7,81.1,86.6,74.8,,79.1,69.3,70.6,,87.6,,,89.2,92.6,88.4,103.0,114.5,101.7,165.7,50.6,88.9,125.5,136.3,72.1,130.0,192.5,109.9,143.7,91.4,211.5,67.2,73.3,119.2,103.6,143.7,93.5,72.9,125.5,75.8,,,71.7,65.5,65.8,80.0,83.5,88.4,,,,104.7,90.8,90.4,72.0,197.8,89.1,95.6,91.6,78.3,92.5,92.0,96.5,81.4,,88.3,86.1,83.2,48.8,96.7,89.3,58.4,,89.3,83.6,,94.9,94.9,77.6,79.8,97.7,71.5,68.6,74.5,98.1,,78.3,,106.8,64.8,68.2,113.9,75.1,83.0,81.8,94.1,118.1,,,58.7,84.8,80.3,75.9,64.0,65.3,101.3,,,,,75.6,68.5,73.0,66.3,86.4,50.9,57.5,,81.1,79.0,97.6,65.3,75.1,79.3,86.9,69.8,,,77.9,104.1,80.4,79.0,67.2,107.5,56.8,123.3,155.1,85.6,,79.8,73.9,83.6,86.0,67.9,84.8,,84.2,123.6,,,118.7,84.5,100.2,97.5,100.0,87.1,100.9,67.7,101.3,90.7,124.2,94.9,98.3,139.7,111.0,,,94.5,85.1,119.3,,,,,77.6,54.0,86.0,,87.8,66.3,,,88.6,80.2,64.4,74.0,77.4,163.1,92.3,135.4,73.2
1984,87.7,86.2,96.0,117.0,117.3,115.2,121.4,106.2,82.2,88.5,74.8,,82.3,71.0,74.5,,90.7,,,89.4,93.8,88.4,105.0,116.8,105.3,198.5,51.2,75.6,134.7,137.4,75.1,119.7,181.1,116.5,144.0,89.7,204.7,70.2,75.2,126.2,107.2,153.6,89.0,71.8,133.3,78.6,,,72.5,66.2,66.5,81.1,82.7,88.3,,,,108.1,91.1,91.0,74.7,194.2,88.3,96.7,90.3,78.7,92.1,92.7,95.1,81.5,,88.0,86.1,83.2,48.8,96.7,89.3,58.1,,89.2,84.1,,94.0,94.0,75.2,73.3,76.3,54.6,47.1,62.2,64.9,,74.7,,110.6,70.0,83.3,88.2,76.6,75.3,94.5,68.8,109.3,,,59.5,68.8,78.1,71.1,63.2,61.0,107.1,,,,,80.0,70.4,73.8,82.4,86.2,53.7,57.2,,87.1,85.4,106.3,65.7,80.6,91.6,93.3,75.1,,,78.3,107.8,92.4,91.4,79.9,110.8,77.2,120.9,148.8,84.8,,90.3,82.1,86.4,91.0,82.7,93.0,,94.4,117.0,,,116.7,83.3,102.9,108.4,117.0,87.7,102.1,67.7,100.7,90.7,126.5,94.4,99.1,142.0,111.7,,,94.2,95.4,120.0,,,,,78.4,55.2,85.5,,86.0,69.3,,,91.9,77.5,65.3,74.7,77.4,163.7,92.3,135.1,74.1
1985,89.7,87.8,97.7,119.6,120.0,117.2,123.7,105.9,83.6,88.0,79.5,,82.8,70.8,75.7,82.5,91.2,90.3,,89.0,92.7,88.0,107.9,120.4,107.3,182.5,55.5,88.9,134.3,143.4,80.1,113.0,184.4,114.6,172.6,93.2,204.7,68.6,76.5,120.4,110.8,164.0,90.7,73.1,132.2,79.3,,,75.1,68.9,69.8,84.0,82.6,89.3,,,86.2,108.4,90.5,90.3,77.2,190.4,86.7,93.5,88.7,77.8,91.7,91.6,95.4,81.8,,90.5,86.2,82.5,48.9,95.0,91.3,63.2,112.4,89.8,84.5,,103.3,103.3,79.2,78.9,101.6,61.3,63.1,69.5,100.6,,74.6,,102.8,58.9,77.0,98.3,69.0,68.8,58.1,73.2,88.7,,,70.9,79.5,84.5,92.7,75.0,68.9,103.3,,,,,81.0,71.3,67.1,85.6,86.9,56.0,57.7,,87.7,85.2,107.1,68.5,82.1,93.3,94.3,79.3,,,79.1,102.1,91.1,89.6,75.9,119.9,69.0,138.9,152.8,122.0,,87.4,74.5,94.5,93.4,80.5,89.6,95.1,90.8,124.2,,,130.1,101.6,103.7,112.7,120.4,92.5,102.3,67.7,100.6,91.5,125.5,93.6,100.7,142.6,112.9,,,93.5,95.2,119.8,88.8,106.4,,,79.3,56.8,88.5,,86.0,71.8,,79.2,91.2,80.6,64.5,73.3,76.9,164.2,92.3,129.9,74.0
1986,90.0,87.0,98.5,120.3,120.7,117.5,124.1,105.8,85.3,88.0,84.0,,83.0,71.4,75.5,82.7,90.9,90.8,,89.5,92.5,88.8,107.9,119.9,103.0,182.6,54.9,77.7,140.0,136.0,85.3,146.3,181.4,113.6,187.4,98.9,186.9,70.6,72.3,121.4,108.0,155.3,89.2,72.2,132.5,82.6,,,82.1,75.2,76.2,93.3,83.4,90.3,,,85.9,110.1,89.6,89.1,79.0,173.7,84.2,91.7,85.3,77.8,91.6,92.0,94.9,81.4,,87.9,85.4,81.5,49.2,93.1,90.8,63.5,112.0,90.0,83.0,,95.3,95.3,73.0,69.8,68.8,48.1,52.8,57.8,63.5,,75.5,,100.4,63.3,70.8,75.3,76.4,75.3,66.6,76.6,84.1,,,61.3,76.6,76.9,83.1,69.2,60.4,104.7,,,,,80.6,71.0,68.7,84.5,86.5,56.9,57.1,,87.9,84.6,105.6,74.3,81.1,86.2,97.5,78.8,,,79.0,99.4,86.0,84.3,72.2,107.3,67.9,127.9,136.2,67.7,,83.4,75.3,96.3,86.4,78.2,82.9,90.2,89.2,106.0,,,132.0,103.7,102.6,107.5,113.1,90.3,101.9,67.7,100.3,90.5,125.3,94.6,100.7,143.4,111.2,,,93.9,95.1,118.1,89.5,106.4,,,79.4,57.2,88.5,,86.7,71.5,,78.9,91.3,82.9,66.0,70.9,76.5,160.6,92.3,129.1,74.0
1987,90.8,87.5,98.1,119.7,120.1,116.9,123.5,105.5,84.6,87.1,83.9,,82.9,71.2,75.6,82.7,90.5,91.1,,90.6,91.4,90.6,106.5,117.2,106.5,177.7,60.3,90.9,151.5,133.0,88.1,155.1,183.8,101.0,162.0,99.8,165.9,70.2,69.8,119.3,107.3,155.1,85.4,76.5,129.8,84.9,,,82.2,75.0,76.9,93.3,83.5,89.8,,,87.7,101.4,88.0,87.4,78.9,152.5,82.8,90.0,81.6,77.6,90.9,92.1,93.5,79.6,,80.8,85.0,81.5,49.4,92.9,90.0,64.2,111.4,86.2,82.1,,68.2,68.2,79.5,79.6,89.0,66.6,72.8,66.2,85.6,,74.7,,98.4,69.0,71.7,94.0,79.3,71.9,65.6,79.9,107.2,,,70.4,79.1,84.4,80.0,74.2,70.4,114.9,,,,,80.6,70.7,70.3,82.6,86.8,56.4,56.7,,87.9,84.7,104.1,75.8,81.2,83.1,100.6,80.4,,,78.9,94.2,84.5,82.9,73.0,106.8,62.3,125.1,135.9,77.0,,87.9,72.3,101.0,87.9,78.6,84.8,92.3,89.2,98.9,,,127.9,101.4,101.0,101.5,107.8,84.1,100.8,67.7,99.6,90.7,124.0,93.1,99.0,141.3,104.1,,,94.9,95.0,116.9,89.7,106.0,,,79.2,57.2,87.1,,88.6,73.0,,78.4,90.6,84.4,66.2,70.0,76.5,147.6,92.3,129.9,74.0
1988,91.7,88.6,97.2,118.5,118.9,115.9,122.1,103.8,83.5,85.7,83.3,,82.8,71.4,75.8,82.0,90.1,91.5,,91.0,89.8,91.8,105.7,113.4,107.3,145.3,59.6,91.9,151.1,153.4,85.7,125.4,169.1,105.2,141.0,96.6,156.0,71.6,72.5,114.3,112.6,168.6,87.8,87.1,124.7,91.1,,,81.8,74.5,76.4,93.1,84.1,90.3,,,87.3,101.7,88.0,87.3,80.1,141.3,82.8,89.6,81.5,78.3,90.9,92.5,93.5,78.5,,81.5,85.3,81.2,49.6,92.2,91.4,66.8,113.1,86.6,82.7,,70.1,70.1,85.8,88.2,104.8,76.5,98.6,88.3,99.3,,76.7,,119.8,65.7,73.5,97.1,77.9,83.7,78.5,96.7,122.0,,,74.2,78.9,92.0,94.7,79.8,70.9,110.9,,,,,82.3,71.4,70.1,81.1,86.2,57.3,63.3,,88.9,85.0,104.7,79.5,84.3,83.2,113.1,82.1,,,83.0,91.5,87.0,85.6,71.1,102.8,72.6,125.6,120.5,74.2,,80.8,76.1,92.1,94.4,88.1,81.6,97.5,94.4,104.0,,,123.8,97.3,100.5,100.0,105.0,84.4,100.5,67.7,100.7,90.1,121.2,93.1,98.9,141.4,101.8,,,95.1,95.0,117.0,90.0,106.3,,,79.3,57.2,88.1,,89.2,73.6,,78.7,90.7,86.4,66.0,68.0,76.7,132.9,92.3,128.4,74.0
1989,94.7,92.0,100.0,121.5,121.9,119.3,125.7,105.8,86.8,90.0,85.0,,85.4,73.7,78.9,83.5,92.4,94.3,,91.8,90.7,92.5,107.4,115.1,112.7,151.5,56.8,109.9,155.4,155.0,78.7,106.2,186.8,114.1,123.1,98.0,151.2,73.2,82.6,109.3,114.1,168.6,95.3,85.9,117.6,96.1,,,83.9,75.9,78.7,95.5,86.5,94.6,,,88.9,100.5,90.4,89.9,83.3,142.1,84.7,92.5,81.8,80.0,92.7,93.7,95.5,80.6,,87.4,89.4,84.6,54.7,93.6,96.7,77.4,116.4,89.5,87.0,,81.4,81.4,88.3,89.5,85.2,77.6,80.4,89.5,97.6,,84.0,,117.4,67.0,92.3,98.5,89.3,85.0,82.2,103.1,134.1,,,71.9,78.3,94.7,99.5,85.2,68.8,116.1,,,,,87.3,75.6,73.6,80.3,89.6,63.1,69.2,,96.1,92.9,111.6,85.3,87.8,87.9,117.3,87.1,,,87.7,92.6,96.2,94.9,87.2,110.7,82.3,125.6,133.1,86.2,,99.5,84.3,98.3,109.9,88.6,93.5,96.5,104.8,106.6,,,129.3,102.7,102.7,101.7,106.1,86.4,102.7,69.6,103.1,92.5,115.4,94.9,102.4,149.4,105.7,,,96.9,99.6,121.9,93.3,107.2,,,82.3,59.0,92.7,,92.1,75.9,,84.0,91.6,97.4,67.1,69.3,78.1,129.1,94.6,133.5,75.3
1990,97.6,96.0,101.6,121.5,122.0,119.5,125.9,105.9,88.5,91.4,87.0,,90.8,78.3,84.3,86.7,100.6,97.7,,95.3,89.5,97.2,112.5,122.9,118.3,164.4,67.0,137.0,175.6,159.3,101.3,126.5,184.8,109.4,135.9,104.4,152.1,78.2,94.6,116.5,116.1,168.6,95.8,92.3,123.5,99.9,130.6,,86.6,81.2,80.8,96.0,88.4,97.5,82.0,87.8,94.4,92.2,93.8,92.7,86.1,151.7,87.6,94.3,83.6,79.8,97.7,97.3,103.6,84.3,,92.7,91.4,85.1,55.6,93.8,101.7,81.2,118.8,89.5,97.5,,97.5,97.5,97.7,101.8,123.9,92.7,122.2,84.9,116.0,129.7,87.4,,111.0,75.6,121.1,117.3,110.8,80.2,87.4,91.2,124.1,,,81.1,87.2,104.1,103.7,94.1,84.1,132.4,184.5,,,,90.9,78.8,75.5,82.6,91.6,69.2,71.8,,98.6,95.6,109.8,92.5,93.0,99.5,119.3,88.1,83.2,,91.5,92.4,106.4,105.3,87.0,119.5,100.2,146.3,140.5,101.3,,115.6,93.3,103.7,106.1,99.2,108.1,100.3,108.7,112.9,89.6,,130.5,107.5,107.0,105.3,108.6,91.2,107.2,69.6,110.3,94.6,114.9,98.0,111.2,157.2,115.2,,,103.3,99.9,130.0,96.8,111.5,,,84.7,60.2,94.8,,91.8,81.3,112.8,93.3,92.3,95.2,67.1,78.1,78.4,128.6,94.6,129.6,83.4
1991,100.5,99.4,104.1,122.6,123.1,120.6,127.1,107.5,90.6,93.1,89.8,,97.2,86.0,91.1,92.9,106.2,103.5,,98.8,89.6,101.5,115.3,124.4,120.8,167.0,75.1,119.0,179.0,159.5,121.4,114.0,182.4,121.4,127.5,114.2,148.2,80.5,101.8,118.4,118.1,162.8,97.6,95.9,131.6,109.8,134.1,,96.3,93.5,91.4,103.0,92.6,98.0,87.8,90.2,100.1,94.7,96.2,95.3,87.2,169.4,90.7,97.1,84.8,80.3,99.4,99.1,105.8,84.3,,93.8,93.9,88.2,62.2,95.3,102.7,84.2,118.9,89.4,98.7,,93.8,93.8,106.0,111.3,121.6,103.7,135.0,112.8,116.8,131.3,96.6,,138.5,91.0,103.5,121.4,104.9,120.5,87.2,93.2,95.0,,,94.8,95.4,119.5,122.6,102.5,108.2,132.9,187.5,,,,97.2,81.7,74.7,90.3,92.9,73.9,78.2,,108.5,103.0,117.2,110.3,99.3,106.8,116.7,94.8,99.4,,98.0,92.5,117.0,115.3,107.8,140.4,109.9,138.1,168.4,121.2,,122.5,104.1,104.6,110.7,107.8,116.3,110.5,115.2,118.1,88.8,,157.8,140.9,111.2,109.5,113.5,93.9,111.5,69.6,116.0,99.5,114.3,106.8,117.6,165.5,119.9,,,107.0,99.7,133.9,102.0,118.5,,,87.1,61.6,99.1,,97.0,86.5,112.0,99.6,91.5,94.5,70.1,80.1,78.4,128.8,94.6,128.5,88.4
1992,102.2,99.8,107.3,126.5,126.8,124.5,130.2,128.5,93.7,96.6,92.5,,98.5,85.7,96.1,92.7,106.3,105.3,,105.7,90.9,109.2,116.3,122.4,123.5,153.4,72.5,138.5,171.9,167.6,124.5,107.5,165.5,121.8,117.6,109.8,139.2,82.2,101.3,111.4,122.3,161.7,108.8,96.4,134.6,114.2,141.4,,104.2,102.0,99.8,109.6,94.4,100.0,89.7,93.5,100.1,97.5,97.7,97.3,89.7,172.3,91.4,99.0,87.2,82.5,99.5,99.2,105.8,85.1,,91.2,95.3,90.2,64.2,97.1,102.5,89.8,116.5,89.6,99.4,,77.1,77.1,98.4,98.0,87.0,91.0,100.3,88.9,92.4,112.1,99.9,,141.4,79.7,111.1,106.0,92.4,108.3,72.2,98.5,104.3,,,85.7,88.2,105.0,118.0,92.0,80.6,131.4,175.3,,,,99.5,83.8,77.3,92.4,94.5,75.1,86.7,,113.0,108.1,120.0,115.1,100.1,107.7,121.2,101.8,89.1,,102.4,92.4,112.2,110.0,104.3,133.0,94.4,132.7,122.4,100.5,,124.0,103.6,107.7,102.0,115.0,112.5,114.8,116.4,118.8,95.4,,165.6,151.2,112.1,111.2,115.9,94.4,112.1,94.5,115.9,98.7,115.2,107.1,119.0,162.3,119.3,,,106.1,98.9,134.9,102.2,120.5,,,88.4,64.4,101.6,,97.3,86.3,110.1,101.0,92.0,98.4,73.9,79.2,78.4,129.0,94.4,125.5,88.6
1993,103.4,101.2,111.5,134.4,134.5,132.5,138.4,150.9,94.3,97.3,93.0,,99.0,84.7,99.5,93.4,105.8,106.0,,114.0,91.5,119.0,114.3,120.0,125.8,152.6,68.4,108.7,162.7,159.5,113.3,109.8,146.8,125.3,120.8,101.9,130.9,83.9,99.2,102.2,121.1,154.1,111.6,100.4,128.4,111.4,149.4,,104.1,102.2,99.2,109.5,91.4,99.0,83.3,94.6,97.8,96.5,96.6,96.1,90.8,152.5,91.3,98.4,85.7,83.2,98.4,98.3,104.0,86.1,,91.5,95.6,90.8,64.9,97.7,102.1,92.0,115.3,89.4,99.2,,76.9,76.9,107.2,110.2,134.2,89.8,96.3,130.3,119.9,112.6,99.3,,153.5,82.2,118.9,111.5,90.8,108.0,90.8,125.1,127.8,,,89.0,89.2,113.5,143.6,97.4,101.9,132.0,180.2,,,,102.6,87.6,110.7,88.5,96.6,75.5,87.4,,116.0,109.2,121.0,124.0,102.7,110.1,124.1,107.0,92.9,,102.7,95.5,104.0,101.7,98.6,117.7,87.2,129.9,107.5,98.4,,114.1,102.6,98.5,104.2,111.9,102.0,106.4,115.5,95.3,83.4,,163.2,149.0,112.2,111.4,117.2,93.1,112.2,99.4,115.8,99.7,115.1,106.3,119.4,164.3,117.9,,,107.1,99.5,135.1,102.6,117.8,,,88.3,67.7,100.4,,98.0,84.5,111.1,101.0,87.8,100.5,73.0,78.3,77.3,129.5,94.0,122.0,96.1
1994,103.8,101.1,113.0,137.2,137.4,137.2,137.1,145.4,94.8,96.9,94.7,,100.0,86.6,101.3,93.1,105.0,107.9,,114.3,90.2,119.6,110.9,116.1,124.5,130.2,66.7,117.8,143.8,148.7,100.7,109.7,144.5,115.4,117.6,98.0,131.8,83.1,100.6,100.7,117.0,148.4,102.7,102.4,127.9,111.6,148.4,,101.4,96.8,95.7,109.3,89.6,98.1,84.4,97.6,86.1,97.8,95.3,95.1,88.6,147.3,90.4,97.9,84.3,83.4,96.3,94.4,103.7,84.2,,91.8,95.5,90.3,66.1,96.5,103.1,92.0,117.8,89.1,98.9,,78.4,78.4,102.7,102.1,111.7,88.3,140.5,106.0,95.3,104.7,94.1,,126.0,80.0,113.7,114.9,114.3,95.4,96.2,90.0,136.5,,,88.5,76.5,96.2,101.5,96.1,75.4,124.1,172.5,,,,104.4,89.9,138.8,87.9,96.2,73.7,88.4,,116.7,108.5,120.8,129.1,104.8,105.6,125.8,111.5,102.3,,104.8,95.7,111.5,110.1,95.7,121.1,117.1,126.3,106.1,98.8,,114.6,108.7,117.5,110.5,109.8,113.8,94.7,120.4,89.2,85.2,,144.6,130.1,111.2,111.4,117.3,92.8,111.2,99.4,115.1,100.5,110.5,103.6,118.7,153.7,117.5,,,107.2,98.7,129.7,103.2,117.9,,,88.8,68.1,104.6,,97.9,85.0,112.1,99.1,87.5,100.6,73.5,77.2,77.6,129.6,93.3,113.8,98.7
1995,103.4,99.5,107.2,124.3,124.8,123.8,128.7,104.7,95.1,96.1,96.6,,99.7,87.7,101.8,93.1,105.4,105.7,,108.9,88.6,113.4,109.3,115.0,121.7,133.9,80.0,107.8,142.7,141.0,112.0,116.0,138.0,101.9,124.6,101.8,131.9,85.2,101.2,94.8,113.7,140.3,99.6,102.7,127.1,112.5,141.6,,98.7,92.1,94.3,108.0,88.9,99.8,80.8,96.6,90.1,97.7,94.5,94.7,86.0,146.5,91.3,98.8,83.5,82.6,93.8,91.4,101.6,81.6,,92.5,94.9,89.8,66.2,95.7,102.5,94.2,117.1,89.0,97.9,77.5,83.9,83.9,98.4,95.7,95.3,85.1,94.9,82.0,96.3,96.2,93.0,,116.8,81.7,116.6,99.3,100.8,91.2,93.0,80.5,95.0,,,88.4,84.1,96.4,113.5,92.1,71.8,125.6,157.9,135.7,,,104.0,88.5,106.0,84.9,95.4,75.1,86.8,,115.6,107.6,117.9,129.3,105.5,103.1,125.7,106.9,116.9,87.8,104.1,89.8,106.3,104.8,71.2,110.4,98.2,107.2,102.4,95.4,,126.4,113.6,107.8,109.5,116.8,112.1,111.4,111.8,92.7,78.3,,137.7,128.3,109.9,111.0,115.6,94.5,109.8,99.4,114.7,100.1,106.6,105.3,119.9,142.1,109.2,,,107.0,98.8,130.6,103.4,118.0,,,90.6,80.8,106.9,,97.7,84.0,115.0,97.6,90.5,100.4,73.4,77.8,77.3,129.6,93.4,101.6,98.9
1996,103.5,99.7,107.2,123.6,124.3,123.9,125.8,102.4,96.2,97.3,97.9,,99.0,88.2,100.9,92.2,105.6,103.3,,108.2,88.6,112.6,111.6,119.5,120.1,131.7,111.1,135.4,145.7,141.2,118.3,159.7,141.3,120.0,115.8,114.5,132.3,85.9,106.9,88.9,112.9,131.7,99.2,104.1,131.4,113.5,139.0,,95.9,88.8,93.1,105.0,90.3,102.2,82.6,99.8,90.4,93.7,95.7,96.2,85.6,153.3,93.4,98.3,85.0,81.5,93.3,91.1,101.3,80.4,,92.4,94.1,89.1,66.4,94.8,101.5,95.2,115.0,87.9,91.2,82.8,86.4,86.4,95.8,91.9,84.5,77.9,90.4,72.4,81.8,96.4,94.2,,121.7,83.6,110.8,95.0,89.3,86.3,84.0,93.3,95.7,,,87.0,90.7,95.4,109.5,88.5,78.4,128.7,156.8,141.1,,,103.6,86.4,97.4,79.4,94.7,73.0,85.7,,116.0,108.6,114.4,132.4,105.7,101.1,129.1,106.5,113.1,91.3,102.3,88.5,112.6,111.3,103.0,115.6,119.9,108.7,103.2,87.6,,125.3,108.1,101.4,116.3,120.2,111.6,104.1,119.4,98.7,82.7,,140.5,129.8,109.1,104.9,112.7,82.1,109.6,99.4,113.8,100.8,105.9,106.2,119.7,138.4,103.8,,,108.5,98.5,129.5,103.6,121.2,,,89.8,77.8,105.6,,98.0,83.7,114.3,98.1,89.3,98.5,72.9,77.6,75.4,129.6,94.1,95.8,98.8
1997,105.4,102.0,106.9,120.5,121.0,121.3,120.8,103.6,97.9,99.5,98.9,,101.7,90.8,104.0,94.7,107.7,105.8,,109.1,90.2,113.4,112.7,118.4,118.9,130.2,101.6,112.5,132.9,138.1,126.8,132.5,146.7,129.0,108.1,119.0,144.3,91.1,105.0,91.9,118.2,138.1,106.0,106.9,135.6,116.5,147.5,,96.4,90.2,95.0,103.6,94.7,104.0,90.4,103.7,93.1,95.8,100.0,101.3,90.5,162.9,98.9,102.8,88.4,85.0,95.0,93.1,102.7,82.0,,94.1,96.1,91.5,69.4,97.3,102.6,97.1,114.4,89.7,94.0,85.7,86.8,86.8,101.5,99.0,100.9,98.3,94.5,86.4,96.2,101.5,99.4,,115.9,77.1,94.5,106.9,80.8,85.0,86.7,96.5,100.1,,,92.2,90.7,106.7,110.2,97.3,92.3,127.2,162.7,148.1,,,106.6,89.7,100.4,86.1,98.2,76.4,86.3,,119.2,113.3,116.2,133.8,108.2,104.4,133.7,108.6,111.8,93.4,103.9,93.9,106.3,104.6,89.3,107.4,89.8,113.8,108.5,123.1,,119.5,102.7,98.8,97.5,113.8,107.4,99.6,124.9,101.1,94.2,,146.9,132.3,109.5,103.0,110.5,80.8,110.2,101.2,113.1,99.7,108.1,107.3,120.1,135.0,104.2,,,110.0,100.1,134.8,105.8,121.2,,,91.9,83.8,104.7,,101.1,83.4,120.2,101.6,90.8,100.8,74.6,76.2,78.7,131.8,96.1,98.2,100.6
1998,105.7,102.8,105.6,119.7,120.2,120.8,118.5,103.8,96.0,99.5,92.9,,101.5,91.4,104.3,92.4,107.6,105.4,,103.8,89.5,107.2,112.5,118.2,116.8,123.8,106.1,111.0,125.8,138.2,116.9,140.7,132.8,116.7,125.6,116.5,152.9,88.7,105.5,93.1,117.1,143.3,104.3,103.3,128.6,122.5,145.9,,95.8,89.4,94.4,103.2,96.0,101.4,90.6,107.9,97.4,99.9,99.6,100.8,93.1,155.1,98.7,99.9,89.8,86.5,95.3,92.7,103.2,84.2,,92.6,96.1,91.3,70.3,96.9,103.0,99.6,113.5,88.5,98.6,85.7,79.9,79.9,108.0,108.4,135.0,95.3,144.0,111.0,125.1,108.2,101.9,,123.9,86.5,87.5,118.0,120.3,103.7,94.7,95.3,94.3,,,96.1,88.9,103.2,110.1,97.9,86.7,125.9,151.5,134.9,,,107.4,90.1,99.1,85.0,99.0,77.1,86.2,,120.1,113.7,117.0,135.9,109.5,103.2,133.2,111.2,119.9,95.7,102.3,92.6,114.0,112.8,89.6,117.2,120.3,121.1,119.7,118.0,,124.5,97.6,96.2,114.3,104.1,107.1,101.3,121.2,115.7,89.1,,138.2,124.1,107.2,101.0,110.0,75.8,107.9,101.2,111.3,97.1,105.8,104.7,117.4,132.3,103.4,,,106.1,98.6,130.6,105.2,117.3,,,93.6,94.9,101.9,,102.2,83.5,121.7,101.8,91.5,97.7,81.9,75.5,78.9,129.1,95.9,100.8,100.4
1999,105.1,101.4,105.2,119.3,119.9,120.6,118.1,102.4,95.2,99.2,90.8,,101.1,90.2,104.6,91.4,107.7,105.3,,104.2,89.0,107.6,111.4,116.8,121.5,118.4,91.7,112.8,117.0,127.4,109.4,145.8,121.0,122.2,113.5,109.7,151.3,88.3,103.8,96.7,114.4,143.3,99.6,98.8,127.7,120.5,142.0,,93.9,86.8,93.6,101.1,98.3,102.9,95.5,108.0,97.9,99.6,96.9,97.4,93.9,134.6,97.0,97.1,90.2,86.9,95.0,92.4,101.8,85.5,,94.8,96.4,92.0,74.6,97.0,102.3,100.0,112.9,87.9,98.7,84.8,89.3,89.3,98.6,94.3,94.8,82.0,84.9,84.6,94.3,90.4,102.9,,116.6,87.7,91.4,95.1,97.6,94.2,86.8,84.7,93.7,,,93.3,78.4,99.2,98.5,96.4,75.1,117.8,134.3,123.0,,,107.0,89.6,100.2,83.0,98.0,77.7,86.0,,117.7,112.2,116.6,128.5,110.5,102.8,130.3,110.8,125.0,101.7,101.2,93.9,106.9,105.4,97.3,117.3,86.5,117.8,133.6,103.3,,116.5,105.5,96.2,93.5,109.6,107.1,101.5,120.7,111.0,92.8,,139.6,128.4,106.6,101.1,110.4,75.7,107.2,101.2,108.7,95.6,104.8,104.1,117.7,133.7,103.5,,,106.3,97.2,129.2,104.6,117.9,,,96.3,96.7,102.1,,105.5,84.0,120.7,103.7,96.9,98.7,99.8,81.0,78.8,127.8,96.2,103.0,99.9
2000,104.0,99.9,103.0,114.2,114.5,114.8,114.1,99.6,94.9,99.5,89.5,,100.5,89.4,103.2,90.2,106.8,106.0,,105.8,87.0,110.1,108.8,112.3,117.1,112.0,106.0,97.1,122.5,110.2,117.4,146.0,118.6,125.5,102.2,92.0,144.2,88.4,101.5,103.2,115.6,138.5,111.5,92.0,124.9,123.1,128.8,,91.2,85.9,89.7,97.7,99.3,110.4,98.5,104.3,96.8,98.6,95.7,96.2,94.6,130.3,95.7,95.9,89.8,87.2,93.5,89.0,101.5,86.2,,94.3,96.1,92.6,77.5,97.1,100.7,99.9,112.1,86.7,94.8,79.8,87.9,87.9,96.7,92.3,96.6,89.3,97.5,75.9,103.3,91.4,103.7,102.1,107.0,82.1,94.3,99.6,86.7,85.4,80.8,75.6,92.8,,90.6,86.1,80.3,100.1,97.1,88.0,79.6,115.5,139.9,114.0,,,105.6,89.7,101.2,79.8,98.5,76.8,89.6,,116.1,110.9,112.1,129.3,108.3,100.9,125.3,109.8,115.7,102.5,105.3,91.3,104.6,103.2,105.1,119.6,106.8,105.9,98.5,97.6,112.0,92.1,99.2,92.9,82.9,108.0,93.1,86.0,123.4,100.5,87.8,106.5,134.0,123.5,103.5,96.8,104.7,74.5,104.2,101.2,108.4,90.7,99.5,102.8,115.5,131.8,101.7,,104.1,101.2,94.2,125.7,104.3,113.6,,,96.1,94.6,101.5,100.5,105.3,85.4,120.0,104.0,95.5,98.8,99.6,80.6,77.6,128.1,96.4,96.5,99.9
2001,102.7,98.6,101.7,111.7,112.1,111.6,111.7,97.8,94.9,99.5,89.6,,98.9,89.7,103.8,89.7,101.0,104.8,,105.2,86.3,109.6,106.6,108.1,106.8,115.9,113.6,113.0,120.0,103.2,111.3,124.4,132.5,112.9,103.1,91.4,135.4,86.4,95.2,104.7,119.1,131.3,125.5,92.3,125.2,120.9,126.1,,89.8,84.5,87.9,96.1,97.9,105.8,95.9,104.7,97.5,96.7,97.7,98.1,96.5,128.6,97.4,97.0,93.4,88.0,95.8,92.0,102.0,91.2,,92.5,94.6,91.6,79.8,95.0,98.4,99.5,108.5,86.9,93.6,78.6,85.0,85.0,93.0,86.9,80.2,78.8,78.5,79.5,84.1,92.7,104.0,99.3,101.8,79.1,89.7,80.4,84.9,85.8,80.1,73.0,97.5,,95.8,84.4,79.8,91.0,94.3,85.7,72.7,108.1,126.0,104.4,,,105.2,89.6,103.3,81.1,98.4,73.8,91.9,,116.6,108.4,112.5,136.8,107.0,100.0,123.7,105.7,115.0,100.2,106.3,91.1,98.8,97.4,97.0,114.9,86.8,116.9,104.5,97.8,99.1,85.0,95.1,88.1,75.0,105.1,97.8,86.9,111.5,104.7,92.2,97.4,130.3,120.6,102.3,95.1,102.5,74.0,103.1,101.1,108.2,87.1,97.1,101.5,112.6,130.6,101.0,,104.3,101.9,94.4,124.3,103.3,113.2,,,95.2,93.3,102.1,100.1,101.7,88.2,115.0,105.8,93.7,101.6,99.0,81.9,74.8,103.5,96.4,93.4,100.0
2002,101.9,99.1,101.6,111.6,112.1,110.9,111.9,96.3,94.9,100.0,88.6,,98.3,88.7,103.3,89.5,97.7,107.2,,105.2,85.3,109.8,106.5,108.6,100.3,120.2,142.6,121.6,118.0,101.9,120.9,128.5,128.6,114.0,106.7,102.4,129.0,95.1,104.1,95.7,117.8,121.4,127.3,97.2,120.9,118.8,114.8,,85.9,83.9,85.2,88.8,98.5,105.2,94.8,105.6,101.2,93.7,98.1,98.7,98.4,115.1,99.7,96.9,97.9,88.8,96.4,92.4,101.8,93.9,,93.6,94.7,91.9,80.0,95.4,98.3,97.9,109.5,86.3,89.1,78.2,89.8,89.8,97.4,94.6,92.6,91.8,101.5,86.4,99.5,96.8,102.2,99.8,120.1,72.9,93.7,105.2,94.5,90.3,76.1,79.1,115.6,,105.4,84.7,85.2,98.6,101.4,94.5,82.2,114.2,128.1,110.0,,,103.0,89.2,101.6,81.5,98.3,72.5,92.7,,113.2,104.4,112.5,131.5,104.4,98.6,116.4,103.4,110.8,99.2,104.6,91.6,97.9,96.6,80.4,99.4,91.2,112.7,105.9,102.8,106.6,84.4,89.1,87.9,78.1,98.2,90.2,86.9,111.5,111.5,99.9,88.2,127.5,123.4,102.0,93.4,100.9,72.0,103.0,101.2,106.3,88.0,95.1,102.7,115.6,132.4,103.0,,103.1,104.7,90.1,117.6,102.6,115.7,,,93.9,92.9,99.4,97.3,101.5,87.8,116.4,102.8,92.2,102.0,97.9,82.0,75.3,86.8,96.5,92.4,100.5
2003,101.5,98.5,106.2,125.0,125.2,125.2,124.8,121.6,93.8,99.8,86.6,,97.8,89.7,99.9,88.9,97.6,107.2,,104.1,84.3,108.7,103.3,104.6,100.9,112.8,136.6,99.5,111.0,98.6,121.6,110.5,117.3,109.6,101.0,105.3,121.0,100.6,96.6,90.1,116.2,115.7,128.7,96.2,119.4,114.8,99.6,,84.5,82.8,80.4,88.9,96.2,102.7,91.1,100.5,101.6,94.8,98.0,98.5,99.6,110.4,100.2,95.4,96.4,87.0,96.2,92.7,101.3,93.1,,91.9,94.6,91.7,80.5,94.9,98.2,97.3,108.6,85.8,85.9,81.2,82.4,82.4,94.2,90.5,87.6,89.7,85.5,79.3,91.4,91.2,99.6,103.0,122.0,83.9,86.5,90.2,84.3,92.5,86.9,93.1,103.7,,96.6,83.2,75.4,95.9,99.6,86.3,76.2,106.1,120.0,106.9,,,101.7,89.5,105.4,81.2,98.5,70.9,94.4,,110.6,104.2,109.4,124.4,103.2,97.2,112.0,101.2,111.1,101.3,104.9,89.0,97.4,96.6,91.2,101.2,90.6,111.6,99.3,99.7,108.2,84.8,87.3,82.6,81.2,94.8,90.3,92.6,112.1,105.3,104.5,89.9,118.4,116.6,99.4,92.9,100.0,72.2,100.2,101.2,102.5,89.2,92.2,99.3,112.9,125.2,97.4,,102.2,101.6,82.3,114.7,102.6,112.7,,,93.7,92.9,94.7,97.8,100.3,89.0,112.6,105.9,89.3,101.2,97.0,82.2,75.9,86.7,96.7,91.9,100.5
2004,101.4,99.3,104.8,122.7,122.3,121.0,121.3,140.5,93.2,98.9,86.0,,97.7,91.1,100.7,88.5,96.9,105.8,,101.6,83.9,105.6,102.2,103.2,100.6,107.3,126.2,112.9,92.8,93.9,109.5,110.2,108.2,108.2,107.2,104.5,113.5,99.4,100.9,94.9,115.6,117.7,127.0,98.6,116.1,111.5,103.9,,84.2,80.8,79.1,90.4,94.8,100.9,87.4,96.4,104.4,99.1,98.5,99.0,100.5,107.2,101.9,96.0,95.2,86.9,96.7,92.9,101.8,94.6,,96.3,95.5,92.8,81.1,96.1,99.2,97.8,111.4,85.6,83.6,79.9,99.9,99.9,97.9,96.1,105.9,105.4,114.1,86.9,109.7,99.2,99.4,100.8,110.2,81.1,87.4,103.4,95.4,88.1,85.7,86.7,101.9,,97.3,85.8,80.4,102.1,93.5,89.9,81.5,105.0,121.6,103.1,,,101.7,89.4,109.1,80.2,97.3,72.7,93.9,,109.9,103.6,107.7,124.0,103.8,97.8,110.3,100.8,113.8,103.5,105.5,88.9,101.2,100.5,105.7,118.2,97.9,106.8,98.2,94.3,114.9,79.3,89.4,89.6,91.5,104.9,93.5,93.0,112.1,106.1,101.9,96.5,116.3,113.6,98.5,93.3,101.3,71.0,99.1,101.4,96.5,88.8,91.2,95.8,109.8,124.8,96.3,,101.7,101.2,82.7,112.5,103.5,111.5,,,94.1,91.6,94.6,97.9,99.0,91.2,111.2,103.7,88.2,104.0,97.0,84.6,75.8,86.1,96.1,91.1,100.2
2005,100.9,98.0,100.4,112.3,112.7,113.4,110.6,104.3,92.3,95.6,89.0,89.3,96.4,91.4,98.5,88.7,94.9,104.0,,100.9,84.9,104.5,100.8,100.2,99.2,97.2,122.7,89.2,94.3,96.7,103.1,93.7,100.0,100.3,113.9,101.2,106.5,99.0,101.1,110.9,117.6,119.6,125.2,108.3,113.6,110.7,115.5,,83.9,80.6,80.1,89.3,95.5,99.1,89.2,97.5,103.6,101.7,98.7,98.6,102.3,100.6,101.5,93.9,95.4,89.8,98.7,94.1,103.4,99.2,,95.6,94.5,92.4,82.8,95.1,97.1,97.2,107.6,85.6,82.2,80.3,100.6,100.6,93.6,89.2,86.8,89.8,89.9,80.1,84.2,95.7,97.4,102.0,111.3,87.3,83.8,92.2,93.9,87.3,87.0,87.2,83.9,,86.9,84.8,78.2,91.2,87.5,85.6,80.3,104.1,114.1,98.7,,,102.4,90.3,104.5,81.4,98.3,75.7,93.5,82.9,111.0,107.4,105.8,122.3,104.0,98.0,108.5,101.0,112.9,105.6,106.4,87.4,98.3,97.6,90.7,108.9,91.4,128.8,104.0,96.2,107.8,77.1,91.1,82.6,75.0,95.0,93.5,93.5,114.6,102.3,107.0,87.9,112.4,112.4,97.3,94.4,102.4,71.8,97.6,101.4,94.6,83.7,90.1,94.9,109.7,121.9,97.8,,101.2,100.8,82.0,106.4,102.6,111.9,106.0,,94.3,90.8,96.3,98.7,95.8,90.9,110.9,102.9,90.4,103.8,99.8,84.9,75.3,85.6,96.4,91.0,100.0
2006,101.2,98.6,99.6,110.6,110.9,111.0,109.2,102.4,92.1,93.7,90.5,90.7,95.9,90.8,99.5,87.0,93.9,103.9,,101.2,85.5,104.8,103.8,105.9,105.0,100.6,112.9,103.8,97.8,109.7,102.5,102.2,99.1,111.6,111.8,107.1,108.7,101.1,101.4,111.1,114.0,117.3,117.9,107.7,112.1,108.6,108.9,,87.3,82.8,81.1,95.3,95.1,95.3,90.0,98.2,101.9,99.4,100.5,100.2,105.4,104.7,101.1,96.1,95.6,92.2,101.3,97.7,104.1,103.7,,95.0,94.1,91.5,82.9,93.9,97.3,96.7,106.1,86.8,86.4,83.1,98.4,98.4,94.3,90.4,80.6,85.5,78.9,78.0,79.1,86.9,96.1,107.5,119.8,84.9,101.1,78.6,95.4,93.7,86.7,95.8,79.6,,104.1,88.4,94.1,95.0,98.9,91.1,92.3,105.2,115.8,102.6,,,102.0,90.6,101.6,82.1,98.4,75.7,95.5,87.6,111.1,109.1,106.2,119.2,102.6,95.4,106.7,98.6,108.8,108.7,101.6,88.4,104.9,104.6,94.2,105.4,117.9,125.1,112.6,109.9,126.7,97.4,98.6,90.7,85.9,105.6,99.2,97.2,110.5,100.9,101.3,87.7,111.3,111.3,95.4,93.6,101.1,72.6,95.7,101.2,93.8,84.2,96.3,90.5,105.4,115.2,89.4,,101.3,97.3,80.8,106.2,103.6,108.5,105.1,,94.5,94.1,96.5,98.3,98.9,92.3,107.9,101.0,91.3,104.7,99.0,85.3,75.8,85.5,96.0,89.0,99.5
2007,101.3,99.0,99.1,107.1,107.4,107.1,106.2,101.0,93.9,96.0,91.5,91.7,95.7,89.1,98.3,91.1,94.2,103.0,,100.9,84.9,104.5,103.7,105.7,103.0,102.5,116.3,106.3,109.5,107.6,102.8,101.0,108.5,107.7,106.3,114.7,110.1,100.0,106.9,105.5,111.7,114.0,114.2,110.2,109.8,106.3,109.6,,86.3,81.9,80.6,93.8,98.0,95.1,95.6,97.9,103.8,97.2,104.2,104.2,111.3,107.8,102.9,101.4,97.9,94.0,104.5,102.1,108.5,101.0,,93.8,93.4,91.1,83.2,93.4,96.0,96.6,101.2,88.0,83.3,90.2,95.5,95.5,95.4,92.5,85.4,89.7,86.4,86.6,91.2,92.3,96.1,108.0,111.8,80.6,107.0,84.1,86.7,92.3,79.2,101.6,88.6,,97.9,94.5,88.5,96.6,95.4,92.5,89.7,111.5,118.7,105.0,,,101.5,91.9,104.1,85.8,98.4,78.2,96.6,87.9,109.1,108.5,106.5,112.5,102.0,91.9,106.6,97.7,107.2,108.9,101.5,91.5,102.9,102.6,92.5,106.4,98.1,116.6,129.8,134.6,110.0,96.3,97.4,92.8,86.2,104.5,98.3,97.1,107.7,107.0,104.1,100.1,110.4,110.4,96.7,94.4,101.6,74.1,96.9,101.1,94.3,82.5,94.7,88.7,106.4,112.4,98.3,,101.6,97.6,79.6,112.0,103.4,111.6,104.7,,94.5,96.8,97.1,97.2,100.1,92.6,104.9,97.9,95.3,103.4,94.7,91.1,78.3,84.1,96.0,89.3,100.9
2008,102.3,101.4,104.3,105.9,106.2,106.3,106.2,99.1,105.3,111.3,97.5,100.8,101.0,93.4,103.2,115.0,100.1,102.5,,100.9,100.4,100.8,105.4,105.6,103.8,104.4,118.5,104.2,97.7,103.4,109.6,95.0,107.3,112.2,108.3,116.7,107.7,107.6,104.5,107.3,111.7,106.1,118.2,106.9,112.5,104.9,114.4,,98.8,99.4,98.3,98.2,101.7,97.6,99.9,101.0,107.7,98.7,106.5,106.3,111.7,107.0,105.9,102.5,104.5,97.1,106.9,105.6,109.0,104.7,,98.9,97.8,95.8,90.8,97.3,100.2,104.5,98.2,97.9,105.0,102.5,103.6,103.6,95.6,92.0,81.7,89.9,92.1,81.9,86.9,90.1,101.0,103.6,103.5,81.6,109.5,81.3,100.5,97.8,80.3,95.5,90.1,,100.7,93.7,87.1,96.9,92.5,91.0,90.5,109.4,115.6,108.6,,,102.9,96.6,103.8,98.7,99.1,88.8,99.9,93.3,107.5,109.6,104.5,106.6,103.4,98.2,108.5,97.9,106.9,106.3,105.3,93.5,99.1,98.7,82.5,98.0,100.1,111.8,108.2,123.9,110.8,80.2,96.4,90.2,72.9,96.6,100.7,96.8,104.8,110.3,103.8,90.0,108.8,108.8,101.2,111.8,121.8,83.8,99.9,100.3,100.6,94.1,95.3,97.9,104.7,108.1,104.1,,100.1,101.6,78.1,109.0,103.9,112.7,104.7,,100.1,98.7,99.8,99.0,101.6,100.4,101.3,100.7,101.1,106.7,110.9,95.1,81.7,100.9,98.8,99.9,101.0
2009,100.6,99.9,102.2,103.3,103.4,103.1,103.7,100.9,102.0,103.2,100.0,101.4,100.7,97.5,103.7,105.2,99.8,101.0,,103.4,102.9,103.4,101.2,99.9,99.3,100.7,103.3,109.9,97.2,96.3,98.7,87.7,100.6,103.3,98.4,101.9,101.8,103.3,100.0,99.6,104.7,99.2,109.3,99.0,106.0,102.8,110.9,,102.4,104.3,102.5,100.4,101.8,99.1,101.0,101.5,105.3,99.7,101.5,101.0,104.2,100.3,100.3,99.7,99.2,98.4,103.1,102.8,103.3,103.0,,100.6,101.0,99.9,100.0,99.9,102.3,102.1,103.4,101.5,102.8,100.2,98.7,98.7,94.5,90.9,83.3,89.2,79.9,86.3,84.6,85.1,100.5,97.2,93.9,90.8,97.7,84.9,88.4,97.6,90.8,94.3,91.2,,100.7,89.7,92.5,90.9,91.1,91.6,89.3,101.6,104.2,102.3,,,101.8,99.7,100.5,101.0,100.7,97.4,100.5,100.5,103.3,104.2,102.9,102.1,102.1,101.3,103.1,100.0,103.0,104.2,100.5,98.9,92.5,91.7,78.8,91.0,90.0,102.5,103.9,101.2,100.0,75.1,91.7,87.5,69.5,91.5,92.7,86.8,98.8,102.5,99.8,89.6,107.2,107.2,101.2,106.8,108.7,101.7,100.4,100.1,101.2,96.9,96.4,102.3,104.0,104.2,102.1,,99.3,98.3,91.2,104.0,102.2,107.6,102.8,,101.0,99.7,100.0,99.1,101.2,100.5,99.1,100.5,100.9,102.3,108.5,104.1,99.1,101.0,100.2,100.9,100.8
2010,99.8,100.0,99.3,98.4,98.4,98.5,98.2,99.7,99.8,99.8,99.8,99.7,99.9,100.6,100.8,99.4,100.0,99.1,,98.8,99.0,98.8,100.0,100.4,100.6,99.6,101.0,99.4,99.1,100.7,102.7,101.4,101.1,100.6,99.0,100.1,99.3,99.8,101.3,103.6,99.1,99.6,98.4,99.2,100.3,99.6,99.0,98.9,99.2,99.2,99.4,99.1,99.4,99.2,99.9,98.7,99.0,99.3,100.2,100.3,100.0,99.6,99.7,100.9,101.0,100.8,99.7,99.4,100.4,98.7,,100.0,99.6,100.1,100.0,100.1,99.1,99.7,99.0,99.4,98.0,100.1,101.9,101.9,100.3,100.8,102.1,99.7,105.7,100.7,99.2,102.2,100.0,100.0,106.0,104.1,107.4,98.1,106.7,100.4,106.4,99.5,101.4,99.6,100.0,100.3,98.7,99.3,99.9,99.5,97.3,98.8,98.9,98.6,,,99.2,99.5,99.7,100.9,99.4,99.1,99.5,99.5,98.8,99.1,98.3,98.8,99.5,100.0,99.9,100.0,99.3,98.3,99.8,100.6,102.5,102.9,100.0,105.4,109.8,101.4,100.5,102.0,119.5,100.0,100.0,100.0,100.0,100.0,100.0,100.0,103.2,99.3,102.6,100.0,97.8,97.8,99.4,97.7,97.1,99.8,99.6,99.9,98.9,100.2,101.1,100.3,99.5,99.5,98.1,99.2,100.1,101.8,100.3,98.4,100.2,98.1,100.4,99.7,99.9,100.3,100.0,100.5,99.9,99.7,100.2,100.7,99.6,100.1,99.8,98.3,99.8,99.8,100.1,99.5,99.8
2011,99.5,99.4,99.2,98.6,98.7,99.6,98.0,97.1,99.4,100.6,100.0,97.8,99.6,101.9,101.5,101.0,99.0,97.2,,100.0,99.7,100.1,101.4,102.4,101.3,96.7,93.7,100.2,100.0,104.9,97.7,109.8,99.1,95.8,102.0,112.7,105.3,97.4,109.8,114.7,100.6,103.7,97.7,99.5,100.4,101.3,97.5,107.9,94.6,97.0,94.9,92.3,102.9,95.2,106.8,97.9,103.1,99.9,100.1,100.5,100.5,99.1,100.7,100.6,101.0,103.8,98.6,98.3,99.4,97.2,,99.7,99.4,100.4,100.4,100.4,98.5,99.3,98.2,101.9,97.7,98.8,100.9,100.9,96.6,95.9,86.4,98.0,99.4,82.2,94.6,97.3,96.8,100.9,99.8,100.1,105.3,95.3,97.7,104.8,93.3,100.0,96.9,104.0,97.6,96.2,88.0,100.0,102.1,97.9,93.1,96.5,99.9,92.0,,,98.2,99.7,99.6,104.9,96.9,103.7,98.1,104.9,96.5,96.9,94.8,97.5,98.9,96.8,102.1,98.7,99.0,96.9,98.2,99.4,100.7,100.8,89.9,115.4,103.1,98.6,100.5,101.2,113.8,86.8,96.6,95.3,87.4,101.0,103.4,93.9,110.1,94.8,103.7,85.3,98.6,98.6,98.2,91.8,90.4,97.3,98.9,99.4,97.2,97.8,100.8,97.5,98.5,96.9,94.2,98.3,98.8,99.6,100.0,102.9,98.4,99.1,99.4,100.5,98.8,101.4,98.2,100.6,100.4,98.7,97.9,104.5,98.6,100.3,96.3,93.8,99.6,98.3,97.8,98.7,99.6
2012,98.8,98.1,100.0,105.1,105.5,105.0,105.8,97.1,97.1,96.5,99.0,95.8,99.0,104.1,101.3,102.8,97.8,94.3,,96.8,100.8,95.7,98.9,98.9,98.6,94.8,87.7,104.8,91.7,96.2,94.2,94.4,102.2,91.5,96.6,115.1,109.9,97.2,109.4,96.5,103.5,106.0,96.8,106.1,97.9,104.0,102.7,123.8,89.2,94.2,91.4,83.7,99.6,90.7,103.2,94.6,100.6,97.2,98.4,98.9,99.8,97.0,101.1,98.9,96.2,103.3,96.7,96.6,97.0,96.0,,96.3,96.5,98.9,100.5,98.9,94.2,101.2,93.2,105.4,88.4,96.7,95.7,95.7,93.2,91.9,77.8,95.5,89.1,83.5,88.5,91.6,92.7,101.7,94.9,86.7,95.8,92.9,96.8,105.1,92.4,100.1,99.6,98.3,89.4,89.5,81.7,90.2,95.2,98.8,88.0,93.1,97.5,84.7,,,96.0,100.2,101.2,98.5,96.8,105.2,100.4,110.9,92.7,94.9,93.1,88.6,96.4,92.0,99.4,95.5,95.2,94.0,102.8,90.4,98.7,98.5,95.3,107.4,101.2,99.0,99.4,97.1,111.4,93.0,93.9,89.8,72.8,98.0,97.3,100.1,109.5,89.4,107.8,82.4,100.9,100.9,95.0,87.1,86.3,90.0,95.9,98.6,92.8,92.8,97.8,94.8,92.9,92.2,90.0,93.9,96.6,92.7,104.0,102.4,96.6,93.3,99.3,97.9,97.5,100.7,96.3,100.2,103.4,98.7,99.4,100.0,100.6,97.5,93.1,87.9,99.6,99.6,94.6,98.3,99.6
2013,99.3,98.6,98.8,104.6,105.0,102.6,106.8,97.3,95.9,95.7,97.4,94.6,96.9,102.0,100.9,104.2,97.3,88.5,,95.3,101.3,93.7,100.4,99.7,93.4,92.8,90.6,89.6,83.8,106.3,91.7,114.3,100.7,96.4,102.2,99.3,116.8,99.4,115.0,105.6,106.7,112.0,99.5,103.1,103.1,109.8,102.9,132.0,86.6,91.8,85.5,82.8,104.7,98.8,104.1,95.6,114.7,96.4,100.7,101.1,102.3,100.3,102.8,100.7,98.3,103.8,99.5,98.7,100.9,97.4,,96.7,95.8,99.3,100.6,99.3,92.5,101.6,90.3,105.8,91.4,93.1,100.5,100.5,95.9,96.1,94.7,105.2,109.4,90.1,91.6,97.4,89.7,103.3,96.0,88.4,115.7,95.8,103.5,100.3,94.1,96.2,102.8,90.4,98.4,93.2,91.9,100.2,98.7,95.4,94.7,94.1,97.8,85.9,,,95.6,99.5,102.1,98.7,96.2,101.7,102.4,109.5,92.0,94.7,93.0,86.3,96.3,92.5,98.5,88.2,94.7,99.5,102.7,89.5,101.4,101.4,92.6,108.3,104.2,110.9,105.0,106.9,112.0,90.2,96.9,89.9,83.5,104.1,98.3,91.9,113.6,94.3,110.1,79.8,100.9,100.9,95.8,90.1,88.1,97.4,96.5,98.2,93.0,90.0,96.2,93.9,91.0,89.1,99.2,94.8,99.0,90.1,106.5,103.0,96.4,94.5,99.8,99.7,97.6,100.9,95.9,102.7,104.0,97.6,97.7,99.9,101.3,98.2,92.7,89.0,99.0,102.5,93.5,97.6,99.9
